Companies,Links
3Com Corporation,NA
3M Company,https://www.3m.com/
A.G. Edwards Inc.,NA
Abbott aboratories,https://www.abbott.com/
Abercrombie & Fitch Co.,https://www.abercrombie.com/shop/us
ABM Industries Incorporated,https://www.abm.com/
Ace Hardware Corporation,https://www.acehardware.com/about-us
ACT Manufacturing Inc.,NA
Acterna Corp.,NA
"Adams Resources & Energy, Inc.",NA
"ADC Telecommunications, Inc.",NA
Adelphia Communications Corporation,NA
"Administaff, Inc.",NA
Adobe Systems Incorporated,https://www.adobe.com/
Adolph Coors Company,NA
"Advance Auto Parts, Inc.",https://shop.advanceautoparts.com/
"Advanced Micro Devices, Inc.",NA
"AdvancePCS, Inc.",NA
"Advantica Restaurant Group, Inc.",NA
The AES Corporation,https://www.aes.com/
